post_id,post_type,likes,comments,timestamp,caption,url
3525095605159014565,reels,76704,732,2024-12-17 14:27:09,"‚ÄúAgar Tum Saath Ho‚Äù on this unforgettable night, you‚Äôll feel the magic of music! üé∂
Get ready to experience emotions like never before!

Register now on @insider.in and @district.bulletin for exclusive pre-sale access and secure your spot!

‚ú®Exclusive Pre-Sale for Tata Neu HDFC Bank Credit Card holders till 19th Dec, 4 PM

Apply now at zero joining fees! @tataneuofficial 

General Sale starts 19th Dec, 4 PM!

An initiative of @evalive.in & @tarish_entertainment

#Arijitsingh #bollywoodmusic #soulfulmusic #chandigarh #jaipur #evalive #tarishentertainment #TataNeu #TataNeuHDFCBankCreditCard #districtbyzomato #lifeinyourdistrict #zomatolive #insider #MagicMoments #MagicMomentsMusicStudio #Kingfisher #KingOfGoodTimes",https://www.instagram.com/p/DDrp8awyzCl/
3517766337672404286,reels,195792,1102,2024-12-07 11:25:23,"See you in a while #hyderabad 
#arijitsinghlive #arijitsingh #liveinconcert",https://www.instagram.com/p/DDRndifyl0-/
3516903183446725501,static,263170,2035,2024-12-06 06:45:51,"No matter the moment, Arijit Singh has been the background music to it all‚Ä¶ Meet your Top artist, India!

#SpotifyWrapped",https://www.instagram.com/p/DDOjM_eyFN9/
3514792082095001485,reels,461165,3090,2024-12-03 08:58:39,"From the raindrops to the roars, Bengaluru, you nailed it! 
Couldn‚Äôt have asked for a better kick-off to our India Tour ‚ù§Ô∏èüáÆüá≥ 

#arijitsingh #arijitsinghlive #asl #indiatour #bengaluru #2024 #2025",https://www.instagram.com/p/DDHDMbIoM-N/
3512708395044153913,reels,233752,1968,2024-11-30 12:00:19,"First stop of the India Tour 2024-25! 
With the goddess rain paving our way, Bengaluru , we‚Äôre kicking off the tour tonight. 
I can‚Äôt wait to feel your energy! Looking for your love and support as always üôèüèª‚ù§Ô∏è

See you soon!

#arijitsingh #arijitsinghlive #asl #indiatour #bengaluru #2024 #2025",https://www.instagram.com/p/DC_payWI6o5/
3507493982994487254,static,64921,639,2024-11-23 07:11:27,"Hold on tight ‚Äì I'm on my way to you, Bengaluru & Hyderabad! üé∂‚ú®

Come join me, as I kick off my India Tour for this season!
Last few tickets and just a few days left for us to meet again

Presented by @hsbc_in and @tuborg_india Zero, curated and promoted by @district.bulletin & @feverevents.live and produced by @hyperlink.brandsolutions ‚Äì get ready to experience the magic we've been working very hard to bring to life on stage! üöÄ

Sing along with me & let's create some unforgettable memories üíï

Tickets exclusively available on District and Insider ‚úÖ

.
.
.
.
.
#arijitsingh #arijitsinghlive #ontour #musiclover #goingout #district #liveevents #bollywoodsongs #concert #ItsOnInsider #insiderdotin",https://www.instagram.com/p/DCtHzGsNNfW/
3476409044527913700,reels,1459329,7061,2024-10-11 10:00:17,"Rehearsing Perfect with @arijitsingh, heard Tum Hi Ho when I was in India this year and fell in love with him as an artist. Such an honour joining him on stage last month. Full vid on YouTube",https://www.instagram.com/p/DA-r5txCprk/
3460083954577676694,carousel,642906,2569,2024-09-18 21:16:11,"Thank you #birmingham ‚ù§Ô∏è
See you tomorrow #rotterdam 
#arijitsinghlive",https://www.instagram.com/p/DAEsAY9oZmW/
3458059415316442137,carousel,852274,4203,2024-09-16 02:13:47,"#london , thank you for showing up in such a magnificent way last night. Love & Gratitude 
#arijitsinghlive 
Thank you @teddysphotos for the #perfect moment‚ù§Ô∏è",https://www.instagram.com/p/C_9frd2IawZ/
3456017643969566903,static,264735,2420,2024-09-13 06:37:09,"‚ÄúUK & Europe, Starting THIS Sunday at London‚Äôs O2 Arena, followed by stops at Birmingham‚Äôs Utilita Arena, Rotterdam‚Äôs RTM Stage, and wrapping up with the first-ever South Asian show at Manchester‚Äôs Co-op Live Arena! üôå Can‚Äôt wait to see you all there! üé§üî• #rockonmusic #fhgroup #ticketmaster #axsuk #theo2arena #utilitaarenabirmingham #rtmstage #cooplive",https://www.instagram.com/p/C_2PbyGSdi3/
3448000904228133935,reels,357339,1487,2024-09-02 05:36:24,"35,000+ people in the heart of Kolkata on a hot sticky Sunday afternoon. A protest anthem created by Arijit Singh. And us 'Amra Tilottoma' - the humble organisers of this peaceful protest. Do not underestimate the power of the common people. Long live the Revolution! 

Song: @arijitsingh ¬©Ô∏è
Video: @birsadasgupta ¬©Ô∏è

#amratilottama #amratilottoma #wewantjustice #justiceforrgkar #justice #anthem #protest #humanrights #gathering #procession #life #kolkata #calcutta #bengal #bengali #india",https://www.instagram.com/p/C_Zwo3Zvlwv/
3445250253426501505,carousel,356564,2540,2024-08-29 10:04:16,"Hey Malaysia, it‚Äôs been 10 years since I‚Äôve been back! So excited to be returning to this beautiful city in November! üé§

üìÖ 16th November 2024
üìç Axiata Arena Bukit Jalil, Malaysia
üîó www.hitmanlive.com

Pre-Sale Registration: 29 Aug, 6pm (GMT +8)
Pre-Registration Sales: 2 Sept, 12pm (GMT +8)
Public Ticket Sales: 3 Sept, 12pm (GMT +8)

#HitmanSolutions #CinestarEvents #ArijitSingh #ArijitSinghLiveInMalaysia #Bollywood #LiveinMalaysia #India¬†#Malaysia",https://www.instagram.com/p/C_P_NoNz6eB/
3425101819121637297,reels,357717,4224,2024-08-01 14:56:58,"Important update & info! üôèüèª
#arijitsinghlive",https://www.instagram.com/p/C-IZ_UgShex/
3411166113001350995,reels,411268,3021,2024-07-13 09:28:05,"See you in a bit #sydney 
#arijitsinghlive",https://www.instagram.com/p/C9W5YGzS6dT/
3404647791215954529,reels,111574,397,2024-07-04 09:47:41,"YAAD AAVE DA, an eternal dedication to all who have been sooooo kind to us!!

#yaadaaveda #punjabisongs #punjabifolk #friendship #trendz #india #instareels #independentmusic #awardwinning",https://www.instagram.com/p/C8_vSCkvsph/
3388433837141614170,static,927168,5226,2024-06-12 00:40:12,incredible week thank you @arijitsingh üî•‚ù§Ô∏è,https://www.instagram.com/p/C8GIp9HvV5a/
3342519416664445085,static,153493,2972,2024-04-09 16:16:26,"DUBAI ! See you all on 27th April, 2024 at Coca-Cola Arena

Tickets available at @cocacolaarena & @platinumlistuae 

@emiratesnbd_ae @burj.mayfair @pmeworld 

#pmeworld #pmeentertainment #arijitsinghlive #dubai #cocacolaarena",https://www.instagram.com/p/C5jA7M1IVCd/
3338689445747525902,static,191876,819,2024-04-04 09:26:58,"#OmBheemBush Album out now 
My current favourite ü´∂üèª

@sunnymr M.R. üôåüèªüôåüèª

#OBB 
@harshakonuganti @kk_writer1 
 @chordfatherproductions @lakshmipriyankapulavarthi @vinayaksasikumar @sreevishnu29 @preyadarshe @weirddivide @manishkumar_aayana @vijay.vardhan.100 @uvcreationsofficial @adityamusicindia",https://www.instagram.com/p/C5VaFydIIkO/
3336402749729764852,reels,746638,3571,2024-04-01 05:55:51,"A very special message from a very close friend and a very special singer.
Arijit Singh‚Äôs Moh na Laage creating lyrical waves across platforms!
Enjoy it in theatres from 5th April ! 

#Dukaan in cinemas 

Watch #DukaanTrailer üëáüèª

https://bit.ly/DukaanOfficialTrailer

#DukaanIsOpen
#Dukaan 
#MohNaLaage",https://www.instagram.com/p/C5NSJ-1R3X0/
3328438124107073032,reels,315582,583,2024-03-21 06:09:41,"Dive into the depths of melancholy with #MohNaLaage where pain finds its lyricism. 

SONG OUT NOW! 

Song out now on YouTube @musicgarageofficial 

Music streaming on all platforms- @youtubemusic , @spotifyindia @wynkmusic @applemusic @amazonmusicin @gaana @hungamamusic @jiosaavn 
#itunes 

#Dukaan in cinemas 5th April 

@soham_majumdar_
@monalithakur03

Watch #DukaanTrailer üëáüèª

https://bit.ly/DukaanOfficialTrailer

#DukaanIsOpen
#NameYourSurrogate 
#ArijitSingh 
#MohNaLaage",https://www.instagram.com/p/C4w_NbMRQYI/
3325732930900449104,reels,487475,2819,2024-03-17 12:26:16,"Pune! See you shortly.
#arijitsingh #arijitsinghlive #arijitsinghliveinconcert #liveconcert #pune",https://www.instagram.com/p/C4nYHrsI9dQ/
3322072178901451932,static,249496,1631,2024-03-12 11:11:26,"Hello Bangkok ! 
See you all on 6th April,2024 at Impact Arena.

@globalindianentertainment @heartnsoulproductions 
@tourismthailand 

#arijitsingh #arijitsinghlive #arijitsinghliveinconcert #liveconcert #thailand #bangkok #concert",https://www.instagram.com/p/C4aXwutoQSc/
3309972166861007983,static,258629,1366,2024-02-24 18:30:52,"Pune!!
See you all on 17th March 2024.

This time with a big venue, bigger experience and biggest captivating musical voyage, mesmerising visuals and top notch production..
Let‚Äôs groove together..

Book your tickets now.
Link in bio : @2bhkdinerkeyclub

@arijitsingh
@becausemenwillbemen
@kingfisherworld 
@heramb.shelke
@insider.in
@paytm
@tmtalentmanagement",https://www.instagram.com/p/C3vYiYWLixv/
3266421031756740589,reels,270051,1597,2023-12-26 16:24:35,"Behind the heartfelt cause: Arijit‚Äôs commitment to change lives - Part 2
#TheMusicPodcast #ArijitSingh #Podcast #TatwamasiFoundation",https://www.instagram.com/p/C1UqJ9Eubft/
3266407187332297464,reels,193815,704,2023-12-26 15:56:56,"Behind the heartfelt cause: Arijit‚Äôs commitment to change lives - Part 1
#TheMusicPodcast #ArijitSingh #Podcast #TatwamasiFoundation #bollywood",https://www.instagram.com/p/C1UnAfcuXL4/
3261860909697105805,reels,314528,969,2023-12-20 09:26:15,"@arijitsingh says - nurturing talent goes beyond melodies. üé∂ 
#ArijitSingh #MusicSchool #MentalHealth #PhysicalHealth",https://www.instagram.com/p/C1EdTcdOn-N/
3259061513907989199,reels,565541,2719,2023-12-16 12:42:30,"Guwahati! 
This will be memorable, see you all tonight..

 #arijitsingh #arijitsinghlive #guwahati #explore #arijitsinghconcert",https://www.instagram.com/p/C06gy39oerP/
3257422403285779802,reels,192238,585,2023-12-14 06:29:04,"Dil Haareya is not just the name of @arijitsingh's latest song, but it is also what happens to us every time we listen to it! ü•π‚ù§Ô∏è",https://www.instagram.com/p/C00sGrPP4Va/
3256844771899188129,reels,412524,2477,2023-12-13 11:50:00,"Take a look at the much-anticipated 5th episode of The Music Podcast, where we bring you up close and personal with the exceptionally talented musician ‚Äì Arijit Singh! 

Mark your calendars for tomorrow, 14th December, and catch the full episode exclusively on our YouTube Channel! It‚Äôs an experience you wouldn‚Äôt want to miss. Remember the routine ‚Äì Like, share, subscribe, and don‚Äôt forget to leave your comments.

For updates, follow us on The Music Podcast socials!",https://www.instagram.com/p/C0yoxCFo6Oh/
3252354253911804228,reels,492546,2121,2023-12-07 06:38:17,"True love has no limits, true love is beyond borders! üíñ‚ú®
#DilHaareya Song Out Now on Saregama Music YouTube and all major streaming platforms üòç

@tanyamaniktala @danesh.razvi @viviannrichard @junoversse @dharma2pointo @saregama_official",https://www.instagram.com/p/C0irvZUJMlE/
3250961577966448279,static,383580,1960,2023-12-05 08:27:21,"Guwahati! 
See you all on 16th December,2023

Get your tickets on :
https://in.bookmyshow.com/events/arijit-singh-concert-for-harmony/ET00376418

@newsliveghy @time8news @nelivetv @rang_channel @rinikibhuyansharma 
@sevenentertainment 

#arijitsingh #arijitsinghlive #arijitsinghliveinconcert #liveconcert #concerts  #guwahati",https://www.instagram.com/p/C0dvFSxIi6X/
3238805958841041532,reels,193426,1122,2023-11-18 13:58:16,"Stage is set Abu Dhabi. 
See you soon.

#arijitsingh #arijitsinghlive #arijitsinghliveinconcert 
#liveconcert #concerts  #abudhabi #etihadarena",https://www.instagram.com/p/CzyjNwRI4J8/
3237359676905606641,static,275806,1174,2023-11-16 14:02:48,"Abu Dhabi! 
See you all on 18th November, 2023

@pmeworld @meteoradevelopers @wizcraftglobal @burj.mayfair @pme.pass @visitabudhabi  @yasisland @kadakfm @etihadarena.ae 

#pmeworld #pmeentertainment #arijitsingh #arijitsinghlive #arijitsinghliveinconcert 
#liveconcert #concerts  #abudhabi #etihadarena",https://www.instagram.com/p/CztaXlQIc3x/
3235920859430445986,static,183634,1146,2023-11-14 14:24:08,"Nepal ! 
See you all on 25th November, 2023

@garage_entertainment_nepal @mnproductionsnepal 

#arijitsingh #arijitsinghlive #arijitsinghliveinconcert #arijitsinghliveinnepal
#khalti #garageent #mnproduction
#liveconcert #concerts",https://www.instagram.com/p/CzoTOCDoOOi/
3227482902851800350,static,178159,869,2023-11-02 22:59:25,"Chandigarh! 
See you all on 4th November, 2023

@tarish_entertainment @homelandgroup @plpbinfra @hsbc_in @m2magicmoments @carlsbergindia",https://www.instagram.com/p/CzKUpmnIM0e/
3212066328045752283,static,830859,3302,2023-10-12 16:29:26,"Kickstarting the much-awaited #INDvPAK clash with a special performance! üéµ 

Brace yourselves for a mesmerising musical special ft. Arijit Singh at the largest cricket ground in the world- The Narendra Modi Stadium! üèüÔ∏è

Join the pre-match show on 14th October starting at 12:30 PM üé§ 

#CWC23 | @arijitsingh",https://www.instagram.com/p/CyTjU6eKQ_b/
3202309750983256161,reels,184522,391,2023-09-29 05:27:08,"One week to go for the launch of ‚ÄòKhufiya‚Äô! üéâ But the excitement begins now with ‚ÄòDil Dushman.‚Äô It‚Äôs more than just a song; it‚Äôs a cinematic masterpiece that unravels the essence of the film.

Watch and enjoy this musical journey that sets the stage for what‚Äôs to come! üïµÔ∏è‚Äç‚ôÇÔ∏èüé¨ #DilDushman #MusicVideo #KhufiyaOnNetflix #VBMusic

@vishalrbhardwaj @gulzaronline @arijitsingh @debarpito @niladri_kumar @abbeyroadstudios @vbfilmsofficial @tabutiful @alifazal9 @wamiqagabbi @ashishvidyarthi1 badhon_hq @netflix_in 

#AmarBhushan @kafkafka24 @farhadcine @teepeedom @sreekarprasa @currypuccasharma @rekha_bhardwaj @abhaydattsharma @beautybyradhika @radhikadhas #khufiyaonnetflix #dildushman",https://www.instagram.com/p/Cxw48CAIGhh/
3201054149280078854,reels,150611,454,2023-09-27 11:52:07,"In case you were undercover, the ‚ÄòKhufiya‚Äô title track #DilDushman has emerged from the shadows, and it‚Äôs the musical secret you‚Äôve been waiting to uncover! üïµÔ∏èüé∂

Listen and watch out for the secrets that‚Äôll whistle their way to your heart! üòâüîç #WhistlingNow #DilDushman #VBMusic #KhufiyaOnNetflix
.
:
.
.

#newrelease #newmusicalert #netflixmusic #netflixandchill #newtunes #filmmusic #instagood #instadaily #musictrends #vbfilms #netflixindia

@vishalrbhardwaj @gulzaronline @arijitsingh @debarpito @niladri_kumar @rekha_bhardwaj @vbfilmsofficial",https://www.instagram.com/p/CxsbcnyoRwG/
3193039878123577162,reels,227824,916,2023-09-16 10:27:56,"Let the symphony of friendship serenade your soul! Rooh Jaga Doon is live on all streaming platforms üéµ

@arijitsingh @jesuisnikki8adi @raj_kumardewan @appaithefuzzyguy @sou_viktree @ziamuzik @sukanto.singha.1 @shah_ritvik @sunnymr @shlokelal

#RoohJagaDoon #ArijitSingh #OriyonbyArijitSingh #IndianMusic #NewRelease",https://www.instagram.com/p/CxP9NoJNl9K/
3170362456411460669,static,365701,1386,2023-08-16 03:31:17,"Listen to ‚ÄòKASAM SE‚Äô on all your favourite streaming platforms ü§ç

#sheykhar #shekharravjiani #arijitsingh #priyasaraiya #shivamsengupta #anujdanait #ashishsaxena #kasamse #garuudaamusiic #loveanthem",https://www.instagram.com/p/Cv_Y9tXo9Q9/
3153814274858762215,reels,152222,702,2023-07-24 07:45:03,"Barkha' is all yours! Song out now.
#Barkha #SongOutNow #indianmusic 

Lyricist - Kamil Irshad (@kamil_irshad_official)
Singer - Sunidhi Chauhan (@sunidhichauhan5)
Mix engineer - Sunny MR (@sunnymr)
Stroke instruments player - Tapas Roy (@mandolintapas)
Guitar player - Adiya Shankar (@jesuisnikki8adi)
Flute player - Nirmalya Dey (@humtoo1) 

Director, Choreographer - Shashank Dogra (@shashankdogra)
Actor (female) - Elisha Mayor (@elisha_mayor)
Actor (male) - Rishav Basu (@rishav_for_you)

Composed & Music : Producer: Arijit Singh ( @arijitsingh ) 

@saregama_official 

#oriyonmusicbyarijitsingh #sunidhichauhan #monsoon #connectiontorain",https://www.instagram.com/p/CvEmV-Ugz_n/
3065541171559449147,reels,599598,3246,2023-03-24 12:31:26,"Delhi !
Rain or shine, the show must go on!
The energy was electric and the love was overwhelming. 
Thank you for braving the weather and making that evening unforgettable! ‚òîüé∂

#performingAfter4Years #RainOrShine #delhi
#arijitsingh #arijitsinghlive #arijitsinghindiatour 
#arijitsinghconcert",https://www.instagram.com/p/CqK_XQfIsI7/
3061219231617233565,reels,460378,1549,2023-03-18 20:19:17,"Tonight is going to be special with this beautiful weather.

See you Delhi.

#arijitsingh #asl #arijitsinghlive #onenightonlytour
#Delhi
‚Å©",https://www.instagram.com/p/Cp7oqwQI7Kd/
3060193674402457546,reels,680941,4394,2023-03-17 03:36:08,"Thank you Bangalore, until next time.

#arijitsingh #arijitsinghlive #arijitsinghindiatour 
#arijitsinghconcert #bangalore",https://www.instagram.com/p/Cp3_e7qp-fK/
3058897531670014448,reels,380305,1522,2023-03-15 08:31:42,"How does @arijitsingh manage to outdo himself EVERY. SINGLE. TIME? ü§Ø
#Bairiya out now.",https://www.instagram.com/p/CpzYxkrgqnw/
3052967139287233212,reels,462505,1878,2023-03-07 04:09:04,"‡§ñ‡•Å‡§∂‡•Ä ‡§ï‡•á ‡§∞‡§Ç‡§ó üíú 
Wishing you all a very colorful and musical holi ü´∂ 

#holi2023 #festivalofcolors #oriyonmusicbyarijitsingh #arijitsingh #yaadeinwohi",https://www.instagram.com/p/CpeUXAYJ_K8/
2982933195854775239,reels,521920,2569,2022-11-30 13:07:12,"Tatwamasi @tatwamasi.foundation Announcement üôè¬†‚ù§Ô∏è¬† by @arijitsingh last Saturday at Jio Gardens, Mumbai on India Tour 2022-23.
#hometotheworld #tatwamasi",https://www.instagram.com/p/Cllge_3pQPH/
2982328696472127533,carousel,736530,2984,2022-11-29 17:01:46,"Mumbai!!! I couldn‚Äôt have asked for a better start to our India tour 2022-23. 
The amount of love I witnessed last week can‚Äôt be described in words - Thank you for your continuous support and love and especially the unconditional love you have showered upon me for years. This unconditional love is what keeps me going, and this is just the beginning.

#arijitsinghlive #arijitsinghindiatour 
#ASIndiatour
@insider.in @hyperlink.brandsolutions @tatwamasi.foundation @tmtalentmanagement",https://www.instagram.com/p/CljXCX8rMgt/
2980123470402371278,reels,419257,2476,2022-11-26 16:01:41,"Tatwamasi ‚ú®‚ù§Ô∏èüôè @tatwamasi.foundation 

Our mission is to empower needy & poor youth, children and community realise their true potential by providing a platform that encompasses education, healthcare, sports and environmental initiatives. 

#hometotheworld 
#tatwamasi",https://www.instagram.com/p/ClbhoHIIz7O/
2979313060380145170,reels,513311,2893,2022-11-25 13:14:02,"Behind the scenes of my India tour rehearsals, feeling happy and excited to meet everyone soon. 

#DND #indiatour 
#arijitsinghlive",https://www.instagram.com/p/ClYpXF-o_YS/
2904619692616493570,reels,220817,1010,2022-08-14 11:50:12,"Check the new teaser for ""Patriot"", a new single by Arijit Singh.
Gear up for the Official Video release on Independence Day 2022.

#ArijitSingh #OriyonMusic #OriyonMusicByArijitSingh #Patriot #75IndependenceDay",https://www.instagram.com/p/ChPSDiaAqoC/
2901094169595014460,reels,166198,716,2022-08-09 15:04:52,"Bol Bomüôè

#ArijitSingh #OriyonMusic #OriyonMusicByArijitSingh #DehShivaOriginal #outnow",https://www.instagram.com/p/ChCwcbOqu08/
2900990191045644074,reels,142669,354,2022-08-09 11:39:11,"Ancient Indian texts suggest that happiness and sadness are cyclic. When we are happy with our achievements, we become busy. When we are sad, Shiva comes to our mind.

#ArijitSingh #OriyonMusic #OriyonMusicByArijitSingh #DehShivaOriginal #outnow",https://www.instagram.com/p/ChCYzVqKw8q/
2900896414576077712,reels,134412,271,2022-08-09 08:33:11,"We, devotees of Shiva, pray to him. In the name of devotion, all we do is ask.

#ArijitSingh #OriyonMusic #OriyonMusicByArijitSingh #DehShivaOriginal #outnow",https://www.instagram.com/p/ChCDethAuuQ/
2900828601239332141,reels,114991,300,2022-08-09 06:17:30,"We realise that we are far away from Shiva. A real devotee is one who only has Shiva in mind. The real devotee sings of Shiva‚Äôs glories, and is absorbed in Shiva all the time, irrespective of happiness or sadness.

#ArijitSingh #OriyonMusic #OriyonMusicByArijitSingh #DehShivaOriginal #outnow",https://www.instagram.com/p/ChB0D5bKeUt/
2889350241939760456,reels,345477,3386,2022-07-24 10:10:55,Thank You Sydney and Melbourne once again üôèüôè,https://www.instagram.com/p/CgZCLySgiVI/
2886471306649052802,carousel,303387,1859,2022-07-20 10:50:15,Thank You Australia .. We are obliged with your love and support . Special thanks to the promoters and the entire team who worked for this.,https://www.instagram.com/p/CgOzlw3LKaC/
2869782437326739092,reels,136221,470,2022-06-27 10:16:00,"Monday ke, the jo blues,
Unko kiya cut loose.
Saadhe saat ka alarm,
Baarah baje¬†tak¬†kiya snooze! :):)

#GaayeJa #ArijitSingh #OriyonMusic #OriyonMusicByArijitSingh #Outnow",https://www.instagram.com/p/CfTg-wHg9aU/
2865425801111733139,reels,178426,656,2022-06-21 09:59:39,"This World Music Day nothing can come between you and your Music üé∂
Here's a teaser of Gaaye Ja for you. Gear up for the official video launch on 25th June, 2022! 

#GaayeJa #WorldMusicDay #Teaser #ArijitSingh #OriyonMusic #oriyonmusicbyarijitsingh #comingsoon",https://www.instagram.com/p/CfECZWdgQOT/
2858318568250958391,reels,299217,2051,2022-06-11 23:10:55,Sharing snippets from past week‚Äôs performances. Looking forward to perform in Toronto tonight ‚Ä¶,https://www.instagram.com/p/CeqyZgDgGI3/
2849783497951194068,carousel,369536,1502,2022-05-30 19:58:07,"Thank You Washington DC and New Jersey ‚Ä¶.
Looking forward tk Vancouver , Seattle and Phoenix this weekend ‚Ä¶",https://www.instagram.com/p/CeMdv4aJqvU/
2847199155329806050,carousel,246138,1171,2022-05-27 06:23:30,"Some clicks from last week‚Äôs gigs in Houston, Atlanta and Austin‚Ä¶",https://www.instagram.com/p/CeDSIvyOa7i/
2847106305481541949,reels,406008,3148,2022-05-27 03:20:16,"Thank You Houston , Atlanta and Austin for last week. 

See you in Washington DC and New Jersey this weekend..",https://www.instagram.com/p/CeC9BmoAIk9/
2841081079480198681,reels,243399,1224,2022-05-18 19:49:40,"Loved performing with everyone in Orlando and Boston last week. Thank You for making us feel so special üôèüôè
Looking forward to this week‚Äôs gigs in Houston, Atlanta and Austin ..",https://www.instagram.com/p/CdtjDBogCYZ/
2840365919040143542,reels,887499,6158,2022-05-17 20:07:30,,https://www.instagram.com/p/CdrAcEkg4C2/
2839727934778793619,carousel,234698,981,2022-05-16 22:59:31,Thank You Boston ‚ù§Ô∏èüôèüëç,https://www.instagram.com/p/CdovYLbPl6T/
2838761722760890316,carousel,287538,1177,2022-05-15 14:59:49,Orlando ‚Ä¶. You were awesome üôèüëç Looking forward to Boston tonight ..,https://www.instagram.com/p/CdlTr8XI4fM/
2837789445655246169,reels,274284,1991,2022-05-14 06:53:19,,https://www.instagram.com/p/Cdh2ncvojVZ/
2835961301197706660,reels,284241,1860,2022-05-11 18:16:19,"Loved your energy Chicago, Bay Area and Dallas 
We have already arrived in Orlando . Looking forward to the gigs this weekend here and in Boston ‚Ä¶ See you all",https://www.instagram.com/p/CdbW8cipNWk/
2835347092747478449,carousel,306092,934,2022-05-10 21:55:34,Thank You Dallas for giving a perfect finish to  the first week of our tour‚Ä¶ Looking forward to the next cities ‚Ä¶,https://www.instagram.com/p/CdZLSiWJmWx/
2833886692935844220,carousel,224287,969,2022-05-08 21:34:01,Bay Area ‚Ä¶ Thank You for your love last night.. Tonight is Dallas ..,https://www.instagram.com/p/CdT_O7CJcF8/
2833182256567181294,carousel,246827,967,2022-05-07 22:14:25,Thank You Chicago for last evening ‚Ä¶  Its Oakland tonight,https://www.instagram.com/p/CdRfEBioF_u/
2832360282429830487,reels,154933,1053,2022-05-06 19:01:50,,https://www.instagram.com/p/CdOkKueJ7VX/
2831846072931741647,carousel,421522,2346,2022-05-06 01:59:40,Thank You for so much love last week in UK and Netherlands . Looking forward to starting the first show of our USA Tour in @now_arena tomorrow,https://www.instagram.com/p/CdMvP_jrm_P/
2823253973675459578,reels,176563,3050,2022-04-24 05:29:14,Starting this 29th April ‚Ä¶,https://www.instagram.com/p/CcuNofjosP6/
2797205617578857331,static,195189,1632,2022-03-19 06:55:16,"This Holi, All we had is #yaadeinwohi @oriyonmusicbyarijitsingh",https://www.instagram.com/p/CbRq7Bfg9Nz/
2784493596378794146,static,132501,574,2022-03-01 17:58:45,"Embracing the power which drives the universe; the energy of Adiyogi Lord Shiva with this new track by @arijitsingh 

#DehShiva #Mahadev #OriyonMusic #OriyonMusicByArijitSingh #OriyonMusicByAS #NewSongByOriyonMusic #ArijitSingh",https://www.instagram.com/p/CakgixLggii/
2769745406496808784,reels,268924,2233,2022-02-09 09:38:14,"Thank You Dubai once again for being the best audience ‚Ä¶ Here is a glimpse of our recent 4th Feb gig at Coca-Cola Arena ..
@cocacolaarena @speedentdxb @dubai",https://www.instagram.com/p/CZwHMXAgx9Q/
2710815529821819767,carousel,521155,3134,2021-11-20 02:13:35,Thank You @abudhabi for making us feel alive after 22 months . Loved performing with you at @etihadarena.ae @yasisland @abudhabievents @pmeworld,https://www.instagram.com/p/CWewFyipFN3/
2710388151727579347,reels,406077,3080,2021-11-19 12:04:36,"Etihad Arena , Abu Dhabi",https://www.instagram.com/p/CWdO6nrJmDT/
2710354155876203887,carousel,343391,1666,2021-11-19 10:56:55,Tonight's team - Part 3 @abudhabi @etihadarena.ae @abudhabievents  @yasisland @pmeworld,https://www.instagram.com/p/CWdHL6kgT1v/
2710353258572118715,carousel,284768,862,2021-11-19 10:55:08,Tonight's team - Part 2 @abudhabi @etihadarena.ae @yasisland @abudhabievents @pmeworld @tmtalentmanagement,https://www.instagram.com/p/CWdG-25A3q7/
2710352772150204797,carousel,212540,771,2021-11-19 10:54:10,Tonight's team - Part 1 @abudhabi @etihadarena.ae @yasisland @abudhabievents @pmeworld,https://www.instagram.com/p/CWdG3x4Ahl9/
2709721853142116094,reels,239980,1796,2021-11-18 14:01:29,Glad to be performing after almost 2 years. See you on 19th Nov @abudhabi at @etihadarena.ae @yasisland @abudhabievents @pmeworld @tmtalentmanagement,https://www.instagram.com/p/CWa3aswpib-/
2705146422660191282,reels,191456,1192,2021-11-12 06:30:25,"Redefine LOVE with #TeraHua by @arijitsingh from #Cash. Song OUT NOW! üòç‚ù§Ô∏è

@visheshb7 @amolparashar @therishabseth @gulshangrover @smiritikalra5 @iamkavindave @swanandkirkire @the_duggal_gal @kunaalvermaa @akullofficial @aarshvora @sakshib8 @ThisIsVaVaVoom 

#CashFilmOnHotstar streaming from November 19 only on @disneyplushotstar
#DisneyPlusHotstarMultiplex",https://www.instagram.com/p/CWKnFbEFFQy/
2683010139220478255,static,174445,1404,2021-10-12 17:29:14,"This festive season, spread love and divinity with ‚ÄòHe Sokha‚Äô Out Now - youtu.be/1cHvfr0F4MU  #HeShoka #RabindranathTagore @oriyonmusicbyarijitsingh",https://www.instagram.com/p/CU794GlAgkv/
2650102566842748548,reels,318986,2886,2021-08-28 07:48:37,"A farmer is an Artist.
Amra Chas Kori Anonde is a tribute to these artists.

Listen to Rabindranath Tagore‚Äôs beautiful lyrics and composition, echoing a farmer‚Äôs message.

https://youtu.be/9G4rpHC1jL0

#AmraChasKoriAnonde #AFarmerIsAnArtist #RabindranathTagore @oriyonmusicbyarijitsingh",https://www.instagram.com/p/CTHDj5jA06E/
2587847820793327661,reels,673998,9022,2021-06-03 10:20:33,"Help rural India breathe & stay safe. Your donations make all the difference. Link in bio.

An initiative by Arijit Singh in partnership with Facebook and GiveIndia

@give_india #SocialForGood",https://www.instagram.com/p/CPp4eHLJ7At/
2584890926214545424,static,256277,2422,2021-05-30 08:23:52,"Covid is the harshest reality that shows no immediate signs of defeat. My heart goes out to each of you who has experienced the loss of a loved one. No loss hurts more than this, and today I share your pain.

The pandemic has reached our rural communities, most of whom are largely unequipped to handle it. As I sit here today in my hometown of Murshidabad, I wish to do everything in my capacity to help improve this. I have joined hands with SocialForGood and GiveIndia to extend a helping hand to rural India. Please help me in keeping rural India safer by donating as you can. Link in bio.

In early June, I will be singing live on Facebook from my village in Murshidabad. I look forward to sharing my music with you all then. Exact live stream details will follow soon.

@give_india #SocialForGood",https://www.instagram.com/p/CPfYJogJgAQ/
2531272703112330925,static,260419,1847,2021-03-17 08:54:02,"#Pagglait Title Track Out Now‚Ä¶ @oriyonmusicbyarijitsingh  YT Channel
@sanyamalhotra_ @raftaarmusic  @amritasinghmajumder @sikhya @balajimotionpictures @netflix_in  @tmtalentmanagement @believemusic",https://www.instagram.com/p/CMg4xy6pz6t/
2527606470658529008,reels,213827,1659,2021-03-12 07:42:10,"Honoured to serve Music to the World‚Ä¶
A small correction - Kaushik Das is the music producer.

@netflix_in | @sanyamalhotra_ | @umeshbist | @neeleshmisra | @shobha9168 | @ektarkapoor | @guneetmonga | @achinjain20 | @ruchikaakapoor | @sikhya | @balajimotionpictures 
@tarsamemittal
@sunnymr

#Pagglait #PagglaitOnNetflix",https://www.instagram.com/p/CMT3LF3lJbw/
2526997732420662423,reels,342759,2947,2021-03-11 11:20:31,,https://www.instagram.com/p/CMRswyNJrSX/
2425481581056908827,reels,213777,2196,2020-10-22 09:46:17,,https://www.instagram.com/p/CGpCqWwJl4b/
2416086286242041461,static,172857,1034,2020-10-09 10:39:11,,https://www.instagram.com/p/CGHqa0mJk51/
2412425841895469528,static,194480,1113,2020-10-04 09:26:32,,https://www.instagram.com/p/CF6qIWJJvHY/
2411965990635398842,reels,189195,1367,2020-10-03 18:13:05,,https://www.instagram.com/p/CF5BkoSJWa6/
2409605724073361575,static,231630,1365,2020-09-30 12:03:28,,https://www.instagram.com/p/CFwo6OwJACn/
2376384705947143751,static,234836,1611,2020-08-15 15:59:14,"Thank You @arrahman sir.
@allaboutmusicin",https://www.instagram.com/p/CD6nUynpo5H/
2368317453138128519,static,228832,1517,2020-08-04 12:51:02,,https://www.instagram.com/p/CDd9Cz9p-6H/
2364908142751674103,static,229212,1483,2020-07-30 19:57:21,@oriyonmusicbyarijitsingh,https://www.instagram.com/p/CDR120PJG73/
